node_id,row,col,latitude,longitude
0,0,0,37.40989084951541,-5.98861884158279
1,0,1,37.40989084951541,-5.987720526298671
2,0,2,37.40989084951541,-5.986822211014552
3,0,3,37.40989084951541,-5.985923895730432
4,0,4,37.40989084951541,-5.985025580446313
5,0,5,37.40989084951541,-5.984127265162193
6,0,6,37.40989084951541,-5.9832289498780735
7,0,7,37.40989084951541,-5.9823306345939535
8,0,8,37.40989084951541,-5.981432319309834
9,0,9,37.40989084951541,-5.9805340040257144
10,0,10,37.40989084951541,-5.979635688741595
11,0,11,37.40989084951541,-5.978737373457475
12,0,12,37.40989084951541,-5.977839058173356
13,0,13,37.40989084951541,-5.976940742889236
14,0,14,37.40989084951541,-5.976042427605117
15,0,15,37.40989084951541,-5.975144112320997
16,0,16,37.40989084951541,-5.974245797036878
17,0,17,37.40989084951541,-5.973347481752758
18,1,0,37.408992534231295,-5.98861884158279
19,1,1,37.408992534231295,-5.987720526298671
20,1,2,37.408992534231295,-5.986822211014552
21,1,3,37.408992534231295,-5.985923895730432
22,1,4,37.408992534231295,-5.985025580446313
23,1,5,37.408992534231295,-5.984127265162193
24,1,6,37.408992534231295,-5.9832289498780735
25,1,7,37.408992534231295,-5.9823306345939535
26,1,8,37.408992534231295,-5.981432319309834
27,1,9,37.408992534231295,-5.9805340040257144
28,1,10,37.408992534231295,-5.979635688741595
29,1,11,37.408992534231295,-5.978737373457475
30,1,12,37.408992534231295,-5.977839058173356
31,1,13,37.408992534231295,-5.976940742889236
32,1,14,37.408992534231295,-5.976042427605117
33,1,15,37.408992534231295,-5.975144112320997
34,1,16,37.408992534231295,-5.974245797036878
35,1,17,37.408992534231295,-5.973347481752758
36,2,0,37.40809421894718,-5.98861884158279
37,2,1,37.40809421894718,-5.987720526298671
38,2,2,37.40809421894718,-5.986822211014552
39,2,3,37.40809421894718,-5.985923895730432
40,2,4,37.40809421894718,-5.985025580446313
41,2,5,37.40809421894718,-5.984127265162193
42,2,6,37.40809421894718,-5.9832289498780735
43,2,7,37.40809421894718,-5.9823306345939535
44,2,8,37.40809421894718,-5.981432319309834
45,2,9,37.40809421894718,-5.9805340040257144
46,2,10,37.40809421894718,-5.979635688741595
47,2,11,37.40809421894718,-5.978737373457475
48,2,12,37.40809421894718,-5.977839058173356
49,2,13,37.40809421894718,-5.976940742889236
50,2,14,37.40809421894718,-5.976042427605117
51,2,15,37.40809421894718,-5.975144112320997
52,2,16,37.40809421894718,-5.974245797036878
53,2,17,37.40809421894718,-5.973347481752758
54,3,0,37.40719590366306,-5.98861884158279
55,3,1,37.40719590366306,-5.987720526298671
56,3,2,37.40719590366306,-5.986822211014552
57,3,3,37.40719590366306,-5.985923895730432
58,3,4,37.40719590366306,-5.985025580446313
59,3,5,37.40719590366306,-5.984127265162193
60,3,6,37.40719590366306,-5.9832289498780735
61,3,7,37.40719590366306,-5.9823306345939535
62,3,8,37.40719590366306,-5.981432319309834
63,3,9,37.40719590366306,-5.9805340040257144
64,3,10,37.40719590366306,-5.979635688741595
65,3,11,37.40719590366306,-5.978737373457475
66,3,12,37.40719590366306,-5.977839058173356
67,3,13,37.40719590366306,-5.976940742889236
68,3,14,37.40719590366306,-5.976042427605117
69,3,15,37.40719590366306,-5.975144112320997
70,3,16,37.40719590366306,-5.974245797036878
71,3,17,37.40719590366306,-5.973347481752758
72,4,0,37.40629758837893,-5.98861884158279
73,4,1,37.40629758837893,-5.987720526298671
74,4,2,37.40629758837893,-5.986822211014552
75,4,3,37.40629758837893,-5.985923895730432
76,4,4,37.40629758837893,-5.985025580446313
77,4,5,37.40629758837893,-5.984127265162193
78,4,6,37.40629758837893,-5.9832289498780735
79,4,7,37.40629758837893,-5.9823306345939535
80,4,8,37.40629758837893,-5.981432319309834
81,4,9,37.40629758837893,-5.9805340040257144
82,4,10,37.40629758837893,-5.979635688741595
83,4,11,37.40629758837893,-5.978737373457475
84,4,12,37.40629758837893,-5.977839058173356
85,4,13,37.40629758837893,-5.976940742889236
86,4,14,37.40629758837893,-5.976042427605117
87,4,15,37.40629758837893,-5.975144112320997
88,4,16,37.40629758837893,-5.974245797036878
89,4,17,37.40629758837893,-5.973347481752758
90,5,0,37.405399273094815,-5.98861884158279
91,5,1,37.405399273094815,-5.987720526298671
92,5,2,37.405399273094815,-5.986822211014552
93,5,3,37.405399273094815,-5.985923895730432
94,5,4,37.405399273094815,-5.985025580446313
95,5,5,37.405399273094815,-5.984127265162193
96,5,6,37.405399273094815,-5.9832289498780735
97,5,7,37.405399273094815,-5.9823306345939535
98,5,8,37.405399273094815,-5.981432319309834
99,5,9,37.405399273094815,-5.9805340040257144
100,5,10,37.405399273094815,-5.979635688741595
101,5,11,37.405399273094815,-5.978737373457475
102,5,12,37.405399273094815,-5.977839058173356
103,5,13,37.405399273094815,-5.976940742889236
104,5,14,37.405399273094815,-5.976042427605117
105,5,15,37.405399273094815,-5.975144112320997
106,5,16,37.405399273094815,-5.974245797036878
107,5,17,37.405399273094815,-5.973347481752758
108,6,0,37.4045009578107,-5.98861884158279
109,6,1,37.4045009578107,-5.987720526298671
110,6,2,37.4045009578107,-5.986822211014552
111,6,3,37.4045009578107,-5.985923895730432
112,6,4,37.4045009578107,-5.985025580446313
113,6,5,37.4045009578107,-5.984127265162193
114,6,6,37.4045009578107,-5.9832289498780735
115,6,7,37.4045009578107,-5.9823306345939535
116,6,8,37.4045009578107,-5.981432319309834
117,6,9,37.4045009578107,-5.9805340040257144
118,6,10,37.4045009578107,-5.979635688741595
119,6,11,37.4045009578107,-5.978737373457475
120,6,12,37.4045009578107,-5.977839058173356
121,6,13,37.4045009578107,-5.976940742889236
122,6,14,37.4045009578107,-5.976042427605117
123,6,15,37.4045009578107,-5.975144112320997
124,6,16,37.4045009578107,-5.974245797036878
125,6,17,37.4045009578107,-5.973347481752758
126,7,0,37.40360264252658,-5.98861884158279
127,7,1,37.40360264252658,-5.987720526298671
128,7,2,37.40360264252658,-5.986822211014552
129,7,3,37.40360264252658,-5.985923895730432
130,7,4,37.40360264252658,-5.985025580446313
131,7,5,37.40360264252658,-5.984127265162193
132,7,6,37.40360264252658,-5.9832289498780735
133,7,7,37.40360264252658,-5.9823306345939535
134,7,8,37.40360264252658,-5.981432319309834
135,7,9,37.40360264252658,-5.9805340040257144
136,7,10,37.40360264252658,-5.979635688741595
137,7,11,37.40360264252658,-5.978737373457475
138,7,12,37.40360264252658,-5.977839058173356
139,7,13,37.40360264252658,-5.976940742889236
140,7,14,37.40360264252658,-5.976042427605117
141,7,15,37.40360264252658,-5.975144112320997
142,7,16,37.40360264252658,-5.974245797036878
143,7,17,37.40360264252658,-5.973347481752758
144,8,0,37.40270432724246,-5.98861884158279
145,8,1,37.40270432724246,-5.987720526298671
146,8,2,37.40270432724246,-5.986822211014552
147,8,3,37.40270432724246,-5.985923895730432
148,8,4,37.40270432724246,-5.985025580446313
149,8,5,37.40270432724246,-5.984127265162193
150,8,6,37.40270432724246,-5.9832289498780735
151,8,7,37.40270432724246,-5.9823306345939535
152,8,8,37.40270432724246,-5.981432319309834
153,8,9,37.40270432724246,-5.9805340040257144
154,8,10,37.40270432724246,-5.979635688741595
155,8,11,37.40270432724246,-5.978737373457475
156,8,12,37.40270432724246,-5.977839058173356
157,8,13,37.40270432724246,-5.976940742889236
158,8,14,37.40270432724246,-5.976042427605117
159,8,15,37.40270432724246,-5.975144112320997
160,8,16,37.40270432724246,-5.974245797036878
161,8,17,37.40270432724246,-5.973347481752758
162,9,0,37.40180601195834,-5.98861884158279
163,9,1,37.40180601195834,-5.987720526298671
164,9,2,37.40180601195834,-5.986822211014552
165,9,3,37.40180601195834,-5.985923895730432
166,9,4,37.40180601195834,-5.985025580446313
167,9,5,37.40180601195834,-5.984127265162193
168,9,6,37.40180601195834,-5.9832289498780735
169,9,7,37.40180601195834,-5.9823306345939535
170,9,8,37.40180601195834,-5.981432319309834
171,9,9,37.40180601195834,-5.9805340040257144
172,9,10,37.40180601195834,-5.979635688741595
173,9,11,37.40180601195834,-5.978737373457475
174,9,12,37.40180601195834,-5.977839058173356
175,9,13,37.40180601195834,-5.976940742889236
176,9,14,37.40180601195834,-5.976042427605117
177,9,15,37.40180601195834,-5.975144112320997
178,9,16,37.40180601195834,-5.974245797036878
179,9,17,37.40180601195834,-5.973347481752758
180,10,0,37.40090769667422,-5.98861884158279
181,10,1,37.40090769667422,-5.987720526298671
182,10,2,37.40090769667422,-5.986822211014552
183,10,3,37.40090769667422,-5.985923895730432
184,10,4,37.40090769667422,-5.985025580446313
185,10,5,37.40090769667422,-5.984127265162193
186,10,6,37.40090769667422,-5.9832289498780735
187,10,7,37.40090769667422,-5.9823306345939535
188,10,8,37.40090769667422,-5.981432319309834
189,10,9,37.40090769667422,-5.9805340040257144
190,10,10,37.40090769667422,-5.979635688741595
191,10,11,37.40090769667422,-5.978737373457475
192,10,12,37.40090769667422,-5.977839058173356
193,10,13,37.40090769667422,-5.976940742889236
194,10,14,37.40090769667422,-5.976042427605117
195,10,15,37.40090769667422,-5.975144112320997
196,10,16,37.40090769667422,-5.974245797036878
197,10,17,37.40090769667422,-5.973347481752758
198,11,0,37.4000093813901,-5.98861884158279
199,11,1,37.4000093813901,-5.987720526298671
200,11,2,37.4000093813901,-5.986822211014552
201,11,3,37.4000093813901,-5.985923895730432
202,11,4,37.4000093813901,-5.985025580446313
203,11,5,37.4000093813901,-5.984127265162193
204,11,6,37.4000093813901,-5.9832289498780735
205,11,7,37.4000093813901,-5.9823306345939535
206,11,8,37.4000093813901,-5.981432319309834
207,11,9,37.4000093813901,-5.9805340040257144
208,11,10,37.4000093813901,-5.979635688741595
209,11,11,37.4000093813901,-5.978737373457475
210,11,12,37.4000093813901,-5.977839058173356
211,11,13,37.4000093813901,-5.976940742889236
212,11,14,37.4000093813901,-5.976042427605117
213,11,15,37.4000093813901,-5.975144112320997
214,11,16,37.4000093813901,-5.974245797036878
215,11,17,37.4000093813901,-5.973347481752758
216,12,0,37.39911106610598,-5.98861884158279
217,12,1,37.39911106610598,-5.987720526298671
218,12,2,37.39911106610598,-5.986822211014552
219,12,3,37.39911106610598,-5.985923895730432
220,12,4,37.39911106610598,-5.985025580446313
221,12,5,37.39911106610598,-5.984127265162193
222,12,6,37.39911106610598,-5.9832289498780735
223,12,7,37.39911106610598,-5.9823306345939535
224,12,8,37.39911106610598,-5.981432319309834
225,12,9,37.39911106610598,-5.9805340040257144
226,12,10,37.39911106610598,-5.979635688741595
227,12,11,37.39911106610598,-5.978737373457475
228,12,12,37.39911106610598,-5.977839058173356
229,12,13,37.39911106610598,-5.976940742889236
230,12,14,37.39911106610598,-5.976042427605117
231,12,15,37.39911106610598,-5.975144112320997
232,12,16,37.39911106610598,-5.974245797036878
233,12,17,37.39911106610598,-5.973347481752758
234,13,0,37.39821275082186,-5.98861884158279
235,13,1,37.39821275082186,-5.987720526298671
236,13,2,37.39821275082186,-5.986822211014552
237,13,3,37.39821275082186,-5.985923895730432
238,13,4,37.39821275082186,-5.985025580446313
239,13,5,37.39821275082186,-5.984127265162193
240,13,6,37.39821275082186,-5.9832289498780735
241,13,7,37.39821275082186,-5.9823306345939535
242,13,8,37.39821275082186,-5.981432319309834
243,13,9,37.39821275082186,-5.9805340040257144
244,13,10,37.39821275082186,-5.979635688741595
245,13,11,37.39821275082186,-5.978737373457475
246,13,12,37.39821275082186,-5.977839058173356
247,13,13,37.39821275082186,-5.976940742889236
248,13,14,37.39821275082186,-5.976042427605117
249,13,15,37.39821275082186,-5.975144112320997
250,13,16,37.39821275082186,-5.974245797036878
251,13,17,37.39821275082186,-5.973347481752758
252,14,0,37.397314435537744,-5.98861884158279
253,14,1,37.397314435537744,-5.987720526298671
254,14,2,37.397314435537744,-5.986822211014552
255,14,3,37.397314435537744,-5.985923895730432
256,14,4,37.397314435537744,-5.985025580446313
257,14,5,37.397314435537744,-5.984127265162193
258,14,6,37.397314435537744,-5.9832289498780735
259,14,7,37.397314435537744,-5.9823306345939535
260,14,8,37.397314435537744,-5.981432319309834
261,14,9,37.397314435537744,-5.9805340040257144
262,14,10,37.397314435537744,-5.979635688741595
263,14,11,37.397314435537744,-5.978737373457475
264,14,12,37.397314435537744,-5.977839058173356
265,14,13,37.397314435537744,-5.976940742889236
266,14,14,37.397314435537744,-5.976042427605117
267,14,15,37.397314435537744,-5.975144112320997
268,14,16,37.397314435537744,-5.974245797036878
269,14,17,37.397314435537744,-5.973347481752758
